"Taxon_ID","AB-Mix1","AB-Mix2","AB-Mix3","AB-Mix4","AB-Mix5","AF1","AM1","AS1","BA-Mix1","BA-Mix2","BA-Mix3","BA-Mix4","CD-Mix1","CD-Mix2","CD-Mix3","CD-Mix4","CD-Mix5","POS1","POS2","POS3"
"Taxon2","14","19","0","0","0","10","0","0","0","19","0","22","0","17","0","0","0","115754","303035","127143"
"Taxon32","15536","13664","10288","10063","10634","0","269","7025","9862","15652","2270","20521","0","7","0","0","0","0","0","0"
"Taxon1","11500","9649","7919","7508","7161","0","7254","6629","7290","10241","1933","13078","0","8","0","0","27","0","0","5"
"Taxon1335","11408","8702","7451","6279","6927","0","0","3679","4183","7936","1780","12092","0","0","0","0","0","0","0","0"
"Taxon3","959","750","864","601","625","495","3795","4272","1088","1221","181","1076","358","319","314","463","340","9179","12120","8004"
"Taxon19","4908","4103","3653","2814","3116","0","0","1396","2317","3577","702","4616","0","0","0","0","0","0","0","0"
"Taxon7639","2797","2471","2076","1995","2168","0","0","1053","1095","1768","498","3485","0","0","0","0","0","0","0","0"
"Taxon351","0","0","0","0","0","19299","0","0","0","4","0","0","0","0","0","0","0","0","0","0"
"Taxon1625","0","0","0","0","0","15527","0","0","0","0","0","0","0","0","0","0","0","0","0","0"
"Taxon2661","2020","2088","2196","1158","1670","0","0","623","941","1579","305","2832","0","0","0","0","0","0","0","0"
"Taxon11918","0","0","0","0","0","188","0","0","0","0","0","0","3684","2429","3224","3262","2559","0","0","0"
"Taxon2583","1965","2069","1814","1497","1343","0","0","551","1063","1575","369","2637","0","0","0","0","0","0","0","0"
"Taxon54","0","0","0","0","0","0","0","0","0","0","0","0","3851","2464","2249","2666","3125","0","0","0"
"Taxon4","1231","1118","1345","1051","1081","0","386","290","986","1944","319","1650","0","0","0","0","0","0","0","0"
"Taxon299","0","0","0","0","0","0","472","0","0","0","0","0","3074","1917","1950","1864","1501","0","0","0"
"Taxon18","0","0","0","0","0","10413","0","0","0","0","0","0","0","0","0","0","0","0","0","0"
"Taxon29","0","0","0","0","0","358","0","216","0","0","0","0","2334","1696","1888","2167","1728","0","0","0"
"Taxon622","1143","1161","1284","882","1105","0","0","354","507","1846","303","1347","0","0","0","0","0","0","0","0"
"Taxon23","941","1045","800","527","675","304","236","304","914","664","139","986","331","390","321","377","438","0","0","0"
"Taxon16","0","0","0","0","0","0","0","0","0","0","0","0","2144","1625","1901","1852","1455","0","0","0"
"Taxon5","532","559","597","425","388","0","0","3330","196","902","201","638","0","0","0","0","0","0","0","0"
"Taxon255","0","0","0","0","0","0","0","0","0","0","0","0","1555","1181","947","1511","972","0","0","0"
"Taxon89","0","0","0","0","0","2639","0","0","0","0","0","0","931","624","624","793","547","0","0","0"
"Taxon7462","0","0","0","0","0","0","0","0","0","0","0","0","1420","1004","1029","1209","1303","0","0","0"
"Taxon246","0","0","0","0","0","0","0","0","0","0","0","0","1544","1315","689","1254","1081","0","0","0"
"Taxon4513","0","0","0","0","0","0","0","0","0","0","0","0","1403","981","1228","1292","892","0","0","0"
"Taxon508","732","404","821","703","572","0","0","320","336","657","169","1029","0","0","0","0","0","0","0","0"
"Taxon101","547","1025","609","760","606","0","0","150","226","677","86","653","0","0","0","0","0","0","0","0"
"Taxon20","0","0","0","0","0","72","0","4890","0","0","0","0","102","55","63","0","76","0","0","0"
"Taxon41","0","0","0","0","0","5215","0","0","0","0","0","0","0","0","0","0","0","0","0","0"
"Taxon801","0","0","0","0","0","5198","0","0","0","0","0","0","0","0","0","0","0","0","0","0"
"Taxon9","0","0","0","0","0","24","0","4688","0","0","0","0","0","0","0","0","0","0","0","0"
"Taxon7","0","10","0","0","0","0","72","78","74","116","5","71","948","848","831","883","679","0","0","0"
"Taxon8034","0","0","0","0","0","0","0","0","0","0","0","0","1107","742","921","1040","717","0","0","0"
"Taxon93","731","616","521","451","381","0","0","220","352","251","106","778","0","0","0","0","0","0","0","0"
"Taxon74","0","0","0","0","0","0","0","0","0","0","0","0","1047","877","810","877","655","0","0","0"
"Taxon13","577","471","537","593","603","0","0","103","0","606","228","451","0","0","0","0","0","0","0","0"
"Taxon6089","0","0","0","0","0","0","0","0","0","0","0","0","1025","693","597","899","773","0","0","0"
"Taxon5788","0","0","0","0","0","0","0","0","0","0","0","0","927","665","688","769","834","0","0","0"
"Taxon1516","508","369","457","211","500","0","0","159","194","556","123","780","0","0","0","0","0","0","0","0"
"Taxon232","0","644","592","0","473","0","0","250","0","926","0","946","0","0","0","0","0","0","0","0"
"Taxon547","797","451","518","278","361","0","0","134","347","475","0","394","0","0","0","0","0","0","0","0"
"Taxon343","0","0","0","0","0","0","0","0","0","0","0","0","958","720","790","759","519","0","0","0"
"Taxon6120","0","0","0","0","0","0","0","0","0","0","0","0","868","710","728","763","558","0","0","0"
"Taxon97","0","0","0","0","0","3435","0","0","0","0","0","0","0","0","0","0","0","0","0","0"
"Taxon4398","0","0","0","0","0","0","0","0","0","0","0","0","973","568","684","701","485","0","0","0"
"Taxon2840","0","0","0","0","0","0","0","0","0","0","0","0","775","523","746","877","453","0","0","0"
"Taxon94","0","0","0","0","0","338","2750","0","0","0","0","0","0","0","0","19","19","0","0","0"
"Taxon1204","0","0","0","0","0","2962","0","0","0","0","0","0","0","0","0","0","0","0","0","0"
"Taxon30","0","0","0","0","0","0","0","2627","0","0","0","0","124","0","0","105","72","0","0","0"
"Taxon1878","0","0","0","0","0","2722","0","0","0","0","0","0","0","0","0","0","0","0","0","0"
"Taxon14","105","0","73","0","79","0","1951","0","0","205","50","0","0","0","0","0","0","0","0","0"
"Taxon278","324","182","210","270","223","0","0","154","226","309","67","433","0","0","0","0","0","0","0","0"
"Taxon698","43","244","231","113","117","0","0","58","270","1059","68","175","0","0","0","0","0","0","0","0"
"Taxon4742","354","295","399","432","264","0","0","127","91","117","66","216","0","0","0","0","0","0","0","0"
"Taxon174","0","0","0","0","0","44","0","0","0","0","0","0","614","408","447","538","287","0","0","0"
"Taxon83","168","353","182","42","147","0","754","116","74","240","24","233","0","0","0","0","0","0","0","0"
"Taxon151","0","0","0","0","0","59","0","70","0","0","0","0","615","354","375","468","250","0","0","0"
"Taxon1934","341","282","208","118","125","0","0","62","58","486","76","329","0","0","0","0","0","0","0","0"
"Taxon911","307","304","430","0","251","0","0","148","0","218","0","356","0","0","0","0","0","0","0","0"
"Taxon764","296","348","209","140","174","0","0","63","102","224","63","387","0","0","0","0","0","0","0","0"
"Taxon316","190","247","399","100","209","0","0","33","53","368","48","310","0","0","0","0","0","0","0","0"
"Taxon479","0","0","0","0","0","0","0","1953","0","0","0","0","0","0","0","0","0","0","0","0"
"Taxon10253","0","0","0","0","0","0","1288","0","0","0","0","0","56","32","54","196","226","0","0","0"
"Taxon657","0","0","0","0","0","0","0","0","0","0","0","0","458","303","411","400","253","0","0","0"
"Taxon469","0","0","0","0","0","38","0","0","0","0","0","0","423","288","378","391","292","0","0","0"
"Taxon250","0","0","0","0","0","41","18","0","0","0","0","0","472","312","335","380","245","0","0","0"
"Taxon3086","0","0","0","0","0","0","0","0","0","0","0","0","359","311","399","398","319","0","0","0"
"Taxon43","295","147","356","138","66","0","0","0","76","278","225","131","0","0","0","0","0","0","0","0"
"Taxon1616","0","0","0","0","0","0","0","0","0","0","0","0","410","279","338","353","318","0","0","0"
"Taxon382","273","262","208","48","224","0","0","45","83","158","35","345","0","0","0","0","0","0","0","0"
"Taxon5338","241","301","154","161","149","0","0","54","62","219","22","278","0","0","0","0","0","0","0","0"
"Taxon38","63","71","103","26","37","10","0","117","22","104","0","175","156","109","169","199","155","0","0","0"
"Taxon9364","0","0","0","0","0","0","1468","0","0","0","0","0","0","0","0","0","0","0","0","0"
"Taxon28","0","0","0","14","25","0","44","1339","0","0","0","0","0","0","0","0","0","0","0","0"
"Taxon12","0","0","0","0","0","1360","0","0","0","0","0","0","11","0","0","0","0","0","0","0"
"Taxon1017","0","0","0","0","0","1368","0","0","0","0","0","0","0","0","0","0","0","0","0","0"
"Taxon11027","0","0","0","0","0","0","0","0","0","0","0","0","371","189","252","239","276","0","0","0"
"Taxon927","203","275","170","122","210","0","0","0","104","84","0","117","0","0","0","0","0","0","0","0"
"Taxon450","0","0","0","0","0","1251","0","0","0","0","0","0","0","0","0","0","0","0","0","0"
"Taxon59","55","85","112","135","73","86","0","85","188","132","30","61","66","23","44","35","37","0","0","0"
"Taxon361","0","0","0","0","0","0","0","0","0","0","0","0","294","232","253","221","244","0","0","0"
"Taxon64","0","0","0","0","0","0","93","1117","0","0","0","0","0","0","0","0","0","0","0","0"
"Taxon104","0","0","0","0","0","0","1188","0","0","0","0","0","0","0","0","0","0","0","0","0"
"Taxon3250","0","0","0","0","0","0","0","0","0","0","0","0","269","231","217","186","270","0","0","0"
"Taxon12095","0","0","0","0","0","0","0","0","0","0","0","0","325","202","238","162","212","0","0","0"
"Taxon45","0","0","36","0","24","0","0","61","0","0","28","101","291","128","142","179","136","0","0","0"
"Taxon127","0","0","0","0","0","1120","0","0","0","0","0","0","0","0","0","0","0","0","0","0"
"Taxon339","0","0","0","0","0","1105","0","0","0","0","0","0","0","0","0","0","0","0","0","0"
"Taxon1587","0","0","0","0","0","1087","0","0","0","0","0","0","0","0","0","0","0","0","0","0"
"Taxon1655","0","0","0","0","0","0","0","0","0","0","0","0","262","169","224","242","133","0","0","0"
"Taxon1327","131","169","105","85","150","0","0","30","0","155","13","187","0","0","0","0","0","0","0","0"
"Taxon379","0","0","0","0","0","0","0","0","0","0","0","0","203","163","230","176","230","0","0","0"
"Taxon861","0","0","0","0","0","0","0","0","0","0","0","0","263","186","164","187","180","0","0","0"
"Taxon27","182","221","0","161","139","0","0","14","43","49","26","125","0","0","0","0","0","0","0","0"
"Taxon684","182","63","280","127","51","0","0","41","0","0","41","170","0","0","0","0","0","0","0","0"
"Taxon2440","147","85","71","122","89","0","0","48","60","71","22","224","0","0","0","0","0","0","0","0"
"Taxon373","231","49","90","25","155","0","0","19","0","0","9","345","0","0","0","0","0","0","0","0"
"Taxon125","0","0","0","55","75","0","9","0","271","329","26","153","0","0","0","0","0","0","0","0"
"Taxon84","189","111","0","172","77","0","0","0","122","63","0","174","0","0","0","0","0","0","0","0"
"Taxon21","63","63","0","135","127","0","0","0","46","204","81","186","0","0","0","0","0","0","0","0"
"Taxon116","309","0","109","0","0","0","167","0","156","0","0","160","0","0","0","0","0","0","0","0"
"Taxon90","76","84","107","97","83","0","0","35","52","151","32","182","0","0","0","0","0","0","0","0"
"Taxon4482","187","124","72","82","92","0","0","49","62","0","43","182","0","0","0","0","0","0","0","0"
"Taxon87","124","0","66","45","0","0","0","0","69","472","113","0","0","0","0","0","0","0","0","0"
"Taxon44","42","20","0","48","59","0","0","182","219","115","65","83","0","0","0","0","0","0","0","0"
"Taxon1663","165","188","116","0","70","0","0","70","0","96","24","101","0","0","0","0","0","0","0","0"
"Taxon4676","0","0","0","0","0","0","0","0","0","0","0","0","260","171","162","130","95","0","0","0"
"Taxon306","28","87","208","54","48","0","160","0","0","138","0","89","0","0","0","0","0","0","0","0"
"Taxon2651","100","57","92","50","120","0","0","26","27","82","30","222","0","0","0","0","0","0","0","0"
"Taxon2179","54","224","38","43","117","0","0","0","81","107","5","137","0","0","0","0","0","0","0","0"
"Taxon847","0","0","0","0","0","800","0","0","0","0","0","0","0","0","0","0","0","0","0","0"
"Taxon689","225","126","74","78","113","0","0","30","0","0","58","85","0","0","0","0","0","0","0","0"
"Taxon1023","126","132","69","79","67","0","0","0","42","188","10","58","0","0","0","0","0","0","0","0"
"Taxon33","0","0","19","0","129","0","0","34","166","145","0","0","62","55","36","34","82","0","0","0"
"Taxon122","0","0","0","0","0","38","0","0","0","0","0","0","199","142","120","109","134","0","0","0"
"Taxon182","131","43","26","94","41","0","0","27","35","125","17","189","0","0","0","0","0","0","0","0"
"Taxon129","0","159","0","133","244","0","0","100","0","84","0","0","0","0","0","0","0","0","0","0"
"Taxon452","130","139","62","56","59","0","0","40","0","120","0","110","0","0","0","0","0","0","0","0"
"Taxon79","267","54","84","52","107","0","0","15","44","0","19","69","0","0","0","0","0","0","0","0"
"Taxon3888","0","0","0","0","0","697","0","0","0","0","0","0","0","0","0","0","0","0","0","0"
"Taxon3518","327","105","99","99","26","0","0","22","0","0","2","0","0","0","0","0","0","0","0","0"
"Taxon1221","145","123","153","0","78","0","0","0","0","0","0","175","0","0","0","0","0","0","0","0"
"Taxon1067","168","47","85","39","49","0","0","0","0","251","4","4","20","0","0","0","0","0","0","0"
"Taxon36","0","0","0","0","0","0","95","40","27","281","0","46","24","24","21","16","84","0","0","0"
"Taxon18988","0","0","0","0","0","0","0","0","0","0","0","0","133","88","183","152","91","0","0","0"
"Taxon292","100","83","131","50","28","0","0","18","95","46","0","74","0","0","0","0","0","0","0","0"
"Taxon723","0","0","0","0","0","0","491","0","0","48","0","83","0","0","0","0","0","0","0","0"
"Taxon4141","0","0","0","0","0","0","0","0","0","0","0","0","247","105","128","68","62","0","0","0"
"Taxon164","100","73","88","104","56","0","0","0","33","28","24","99","0","0","0","0","0","0","0","0"
"Taxon31","95","22","7","37","22","0","0","234","72","65","0","41","0","0","0","0","0","0","0","0"
"Taxon108","40","70","76","0","50","0","108","0","0","0","34","202","0","0","0","0","0","0","0","0"
"Taxon20416","121","113","30","32","145","0","0","38","0","0","10","73","0","0","0","0","0","0","0","0"
"Taxon2226","0","238","63","84","105","0","0","67","0","0","0","0","0","0","0","0","0","0","0","0"
"Taxon784","0","0","0","0","0","0","0","0","0","0","0","0","248","0","0","167","126","0","0","0"
"Taxon7024","138","80","98","104","54","0","0","0","19","0","0","32","0","0","0","0","0","0","0","0"
"Taxon388","79","91","0","114","154","0","0","29","28","0","14","0","0","0","0","0","0","0","0","0"
"Taxon4547","0","134","105","0","78","0","0","28","151","0","10","0","0","0","0","0","0","0","0","0"
"Taxon2448","204","17","97","0","0","0","0","66","0","0","0","121","0","0","0","0","0","0","0","0"
"Taxon4107","102","108","83","86","54","0","0","0","70","0","0","0","0","0","0","0","0","0","0","0"
"Taxon22","0","0","0","0","0","484","0","0","0","0","0","0","0","0","0","0","0","0","0","0"
"Taxon7123","33","38","57","87","18","0","0","15","231","0","0","0","0","0","0","0","0","0","0","0"
"Taxon3924","124","0","176","106","40","0","0","16","0","0","15","0","0","0","0","0","0","0","0","0"
"Taxon318","0","0","0","0","0","0","0","0","0","0","0","0","89","88","113","127","60","0","0","0"
"Taxon1996","45","51","116","0","46","0","0","22","0","71","13","107","0","0","0","0","0","0","0","0"
"Taxon213","62","141","123","53","88","0","0","0","0","0","0","0","0","0","0","0","0","0","0","0"
"Taxon9906","0","0","0","0","0","25","0","0","0","0","0","0","89","73","60","121","94","0","0","0"
"Taxon3642","0","0","0","0","0","0","0","0","0","0","0","0","58","116","115","102","69","0","0","0"
"Taxon2491","0","0","0","0","0","0","15","0","29","370","0","0","16","0","0","6","18","0","0","0"
"Taxon3433","0","0","0","0","0","0","451","0","0","0","0","0","0","0","0","0","0","0","0","0"
"Taxon2599","236","29","31","0","18","0","0","0","0","36","45","49","0","0","0","0","0","0","0","0"
"Taxon319","0","0","0","0","0","0","437","0","0","0","0","0","0","0","0","0","0","0","0","0"
"Taxon4012","0","0","0","0","0","0","0","0","0","0","0","0","81","97","86","66","97","0","0","0"
"Taxon1254","0","0","0","0","0","0","0","0","0","0","0","0","123","80","64","115","43","0","0","0"
"Taxon14881","66","110","14","79","33","0","0","0","54","0","0","68","0","0","0","0","0","0","0","0"
"Taxon10787","0","0","0","0","0","423","0","0","0","0","0","0","0","0","0","0","0","0","0","0"
"Taxon3353","0","0","0","0","0","0","0","0","0","0","0","0","80","96","44","115","85","0","0","0"
"Taxon37","97","27","40","0","55","0","56","42","94","0","0","0","0","0","0","0","0","0","0","0"
"Taxon13859","0","0","0","0","0","0","0","0","89","277","43","0","0","0","0","0","0","0","0","0"
"Taxon85","66","44","0","0","0","0","0","0","0","106","35","156","0","0","0","0","0","0","0","0"
"Taxon12776","0","0","0","0","0","0","0","0","0","0","0","0","124","70","54","103","55","0","0","0"
"Taxon2970","0","0","0","0","0","0","0","0","0","0","0","0","74","77","98","68","89","0","0","0"
"Taxon228","0","0","0","0","0","0","403","0","0","0","0","0","0","0","0","0","0","0","0","0"
"Taxon453","35","89","35","92","41","0","0","31","33","18","0","24","0","0","0","0","0","0","0","0"
"Taxon14464","118","90","68","42","77","0","0","0","0","0","0","0","0","0","0","0","0","0","0","0"
"Taxon2778","0","0","0","24","0","0","0","0","151","213","0","0","0","0","0","0","0","0","0","0"
"Taxon2103","40","39","34","25","18","0","0","18","0","61","7","131","0","0","0","0","0","0","0","0"
"Taxon8670","0","0","0","0","0","0","0","0","0","0","0","0","89","68","62","72","77","0","0","0"
"Taxon752","0","0","0","0","0","365","0","0","0","0","0","0","0","0","0","0","0","0","0","0"
"Taxon5614","166","92","58","40","0","0","0","0","0","0","0","0","0","0","0","0","0","0","0","0"
"Taxon375","0","0","0","0","0","0","142","0","0","152","0","61","0","0","0","0","0","0","0","0"
"Taxon68","0","0","0","0","0","0","158","195","0","0","0","0","0","0","0","0","0","0","0","0"
"Taxon279","0","86","0","0","80","0","0","3","0","152","0","17","0","0","0","0","0","0","0","0"
"Taxon156","0","0","0","0","0","0","0","82","0","0","0","0","67","30","38","96","25","0","0","0"
"Taxon1703","0","0","0","0","0","0","0","0","0","103","0","233","0","0","0","0","0","0","0","0"
"Taxon1750","0","0","0","0","0","0","0","0","0","0","0","0","105","57","35","68","70","0","0","0"
"Taxon1952","0","0","0","0","0","0","0","0","0","0","0","0","79","60","82","63","48","0","0","0"
"Taxon6358","0","0","0","0","0","331","0","0","0","0","0","0","0","0","0","0","0","0","0","0"
"Taxon5462","89","0","0","0","153","0","0","0","0","0","0","85","0","0","0","0","0","0","0","0"
"Taxon673","0","0","0","0","0","0","109","0","0","0","0","0","40","36","29","22","91","0","0","0"
"Taxon16069","0","0","0","0","0","0","0","0","0","0","0","0","97","46","21","88","70","0","0","0"
"Taxon25","0","0","0","0","0","0","314","0","0","0","0","0","0","0","0","0","0","0","0","0"
"Taxon1511","0","205","0","0","42","0","0","0","0","0","13","47","0","0","0","0","0","0","0","0"
"Taxon3726","55","32","46","25","56","0","0","0","0","79","0","0","0","0","0","0","0","0","0","0"
"Taxon4439","0","0","0","0","0","0","0","0","0","0","0","0","76","44","66","56","50","0","0","0"
"Taxon158","0","0","0","0","0","38","0","0","0","0","0","0","62","36","46","14","91","0","0","0"
"Taxon1239","0","0","45","0","0","0","0","0","22","113","33","72","0","0","0","0","0","0","0","0"
"Taxon2393","57","62","32","0","0","0","0","0","0","133","0","0","0","0","0","0","0","0","0","0"
"Taxon1187","0","51","52","62","45","0","0","17","41","0","0","10","0","0","0","0","0","0","0","0"
"Taxon331","0","0","0","0","0","0","159","0","105","0","12","0","0","0","0","0","0","0","0","0"
"Taxon3318","0","0","0","0","0","0","0","0","0","179","32","65","0","0","0","0","0","0","0","0"
"Taxon1177","0","0","0","22","0","0","0","252","0","0","0","0","0","0","0","0","0","0","0","0"
"Taxon1701","33","84","20","0","24","0","0","27","0","0","8","77","0","0","0","0","0","0","0","0"
"Taxon181","0","0","0","0","0","0","0","0","0","207","0","63","0","0","0","0","0","0","0","0"
"Taxon2128","0","0","0","0","0","0","0","0","34","230","5","0","0","0","0","0","0","0","0","0"
"Taxon4874","0","22","0","0","0","0","0","0","186","0","0","60","0","0","0","0","0","0","0","0"
"Taxon150","0","0","0","0","0","150","0","0","0","0","0","0","33","22","8","33","22","0","0","0"
"Taxon350","0","0","0","0","0","0","0","0","0","0","0","0","70","56","61","40","41","0","0","0"
"Taxon6227","0","83","0","0","0","0","0","0","0","181","0","0","0","0","0","0","0","0","0","0"
"Taxon1544","0","0","70","34","37","0","0","0","0","53","0","70","0","0","0","0","0","0","0","0"
"Taxon771","0","0","0","0","0","0","0","0","0","0","0","0","72","51","69","42","29","0","0","0"
"Taxon230","0","0","0","0","0","4","0","0","0","0","0","0","73","49","57","52","27","0","0","0"
"Taxon1139","0","0","0","0","0","0","0","0","0","0","0","0","45","70","47","52","48","0","0","0"
"Taxon7947","37","39","0","67","22","0","0","0","0","0","0","95","0","0","0","0","0","0","0","0"
"Taxon2548","0","0","0","0","0","0","0","0","0","0","0","0","51","30","79","29","67","0","0","0"
"Taxon134","0","0","0","0","0","0","0","254","0","0","0","0","0","0","0","0","0","0","0","0"
"Taxon71","0","0","0","0","0","0","31","122","34","55","0","0","0","0","5","0","0","0","0","0"
"Taxon7239","0","0","0","0","0","0","0","0","0","0","0","0","142","0","37","0","66","0","0","0"
"Taxon437","0","0","0","0","0","0","0","239","0","0","0","0","0","0","0","0","0","0","0","0"
"Taxon395","30","0","0","31","17","0","83","4","0","0","0","70","0","0","0","0","0","0","0","0"
"Taxon3129","101","0","0","30","40","0","0","40","0","0","22","0","0","0","0","0","0","0","0","0"
"Taxon257","0","0","0","0","0","0","119","0","0","0","0","0","44","0","35","20","14","0","0","0"
"Taxon8249","0","0","0","0","0","0","0","0","0","0","0","0","45","85","34","68","0","0","0","0"
"Taxon1146","0","0","0","0","0","0","0","0","0","0","0","0","57","41","60","72","0","0","0","0"
"Taxon2671","0","21","89","0","0","0","0","0","0","0","0","119","0","0","0","0","0","0","0","0"
"Taxon3022","0","0","0","18","0","0","0","0","0","164","0","47","0","0","0","0","0","0","0","0"
"Taxon14273","0","0","0","0","0","0","0","0","0","0","0","0","47","70","39","55","18","0","0","0"
"Taxon13068","0","0","16","0","16","0","0","0","0","195","0","0","0","0","0","0","0","0","0","0"
"Taxon635","0","0","0","0","0","0","227","0","0","0","0","0","0","0","0","0","0","0","0","0"
"Taxon5349","0","26","44","0","0","0","0","0","98","40","17","0","0","0","0","0","0","0","0","0"
"Taxon3731","0","0","0","0","0","0","155","0","0","0","0","0","0","0","0","0","64","0","0","0"
"Taxon1850","27","0","0","0","11","0","0","0","0","179","0","0","0","0","0","0","0","0","0","0"
"Taxon2233","144","0","0","0","0","0","0","0","0","0","68","0","0","0","0","0","0","0","0","0"
"Taxon9908","29","0","15","43","0","0","0","0","0","83","42","0","0","0","0","0","0","0","0","0"
"Taxon4127","0","0","0","0","0","0","0","0","0","0","0","0","59","53","42","53","0","0","0","0"
"Taxon487","0","0","0","0","0","6","0","0","0","0","0","0","61","56","0","79","0","0","0","0"
"Taxon6673","0","0","14","0","0","0","0","0","103","0","0","84","0","0","0","0","0","0","0","0"
"Taxon567","0","0","0","0","0","0","97","0","0","102","0","0","0","0","0","0","2","0","0","0"
"Taxon697","0","0","0","0","0","0","0","0","0","0","0","0","53","43","26","78","0","0","0","0"
"Taxon11765","0","0","0","35","0","0","0","0","0","160","0","0","0","0","0","0","0","0","0","0"
"Taxon2912","0","0","0","0","0","0","193","0","0","0","0","0","0","0","0","0","0","0","0","0"
"Taxon4991","0","107","0","0","0","0","0","0","32","0","13","40","0","0","0","0","0","0","0","0"
"Taxon2715","0","51","0","0","24","0","0","0","0","0","0","117","0","0","0","0","0","0","0","0"
"Taxon199","0","0","0","0","0","192","0","0","0","0","0","0","0","0","0","0","0","0","0","0"
"Taxon15418","0","0","0","0","44","0","0","0","0","130","17","0","0","0","0","0","0","0","0","0"
"Taxon216","0","0","0","0","0","49","0","71","0","0","0","0","16","6","19","19","11","0","0","0"
"Taxon168","0","12","35","39","0","0","0","24","0","0","0","76","0","0","0","0","0","0","0","0"
"Taxon1603","38","39","57","0","0","0","0","0","0","38","12","0","0","0","0","0","0","0","0","0"
"Taxon4118","0","53","0","0","0","0","0","0","127","0","0","0","0","0","0","0","0","0","0","0"
"Taxon13534","38","48","34","14","27","0","0","18","0","0","0","0","0","0","0","0","0","0","0","0"
"Taxon39","0","0","0","0","0","0","0","0","0","0","0","0","0","0","0","94","84","0","0","0"
"Taxon137","0","0","0","0","0","0","0","0","0","0","0","0","0","47","61","35","31","0","0","0"
"Taxon628","0","0","0","0","0","0","0","0","0","0","0","0","42","19","40","47","25","0","0","0"
"Taxon4612","27","37","79","0","29","0","0","0","0","0","0","0","0","0","0","0","0","0","0","0"
"Taxon424","0","0","0","0","0","172","0","0","0","0","0","0","0","0","0","0","0","0","0","0"
"Taxon6219","0","0","0","0","0","0","139","0","0","0","0","0","0","0","0","0","32","0","0","0"
"Taxon18516","64","0","0","0","16","0","0","0","0","0","0","87","0","0","0","0","0","0","0","0"
"Taxon8394","0","0","0","19","0","0","0","0","134","0","0","14","0","0","0","0","0","0","0","0"
"Taxon604","0","0","0","0","0","166","0","0","0","0","0","0","0","0","0","0","0","0","0","0"
"Taxon2474","0","0","0","0","0","0","164","0","0","0","0","0","0","0","0","0","0","0","0","0"
"Taxon5761","76","55","0","32","0","0","0","0","0","0","0","0","0","0","0","0","0","0","0","0"
"Taxon5774","19","125","0","0","0","0","0","0","18","0","0","0","0","0","0","0","0","0","0","0"
"Taxon1909","0","0","0","0","0","0","0","162","0","0","0","0","0","0","0","0","0","0","0","0"
"Taxon2725","0","0","0","38","0","0","0","0","50","45","28","0","0","0","0","0","0","0","0","0"
"Taxon3001","0","0","0","0","0","0","0","161","0","0","0","0","0","0","0","0","0","0","0","0"
"Taxon3041","0","0","0","0","0","0","0","0","0","0","0","0","44","24","34","18","41","0","0","0"
"Taxon140","0","0","0","0","0","50","0","100","0","0","0","0","0","0","9","0","0","0","0","0"
"Taxon3066","43","22","0","0","0","0","0","0","0","93","0","0","0","0","0","0","0","0","0","0"
"Taxon307","0","0","0","0","0","0","0","0","0","0","0","0","52","22","16","12","56","0","0","0"
"Taxon7348","36","0","0","0","0","0","0","0","0","0","0","120","0","0","0","0","0","0","0","0"
"Taxon5542","0","0","0","0","0","0","0","0","0","0","0","0","0","39","40","37","40","0","0","0"
"Taxon2565","0","0","0","0","0","0","155","0","0","0","0","0","0","0","0","0","0","0","0","0"
"Taxon8215","0","0","0","0","0","0","0","0","108","42","5","0","0","0","0","0","0","0","0","0"
"Taxon2283","71","0","26","0","0","0","0","0","0","0","0","57","0","0","0","0","0","0","0","0"
"Taxon142","0","0","0","0","43","0","0","18","0","0","0","92","0","0","0","0","0","0","0","0"
"Taxon2110","63","17","0","0","0","0","0","22","47","0","0","0","0","0","0","0","0","0","0","0"
"Taxon401","0","0","0","0","0","17","0","0","0","0","0","0","47","24","22","17","22","0","0","0"
"Taxon301","59","33","0","29","0","0","0","0","0","0","0","27","0","0","0","0","0","0","0","0"
"Taxon1928","0","0","0","0","0","0","0","0","139","0","9","0","0","0","0","0","0","0","0","0"
"Taxon978","0","0","0","0","0","0","0","0","0","0","0","0","18","26","49","35","20","0","0","0"
"Taxon1635","43","0","0","0","0","0","0","0","103","0","0","0","0","0","0","0","0","0","0","0"
"Taxon5648","0","0","0","0","0","0","133","0","0","0","0","0","4","0","0","9","0","0","0","0"
"Taxon14400","0","71","0","0","19","0","0","0","0","33","0","22","0","0","0","0","0","0","0","0"
"Taxon265","0","0","47","0","0","0","0","98","0","0","0","0","0","0","0","0","0","0","0","0"
"Taxon2490","0","0","0","0","0","0","144","0","0","0","0","0","0","0","0","0","0","0","0","0"
"Taxon1551","0","0","0","0","0","0","143","0","0","0","0","0","0","0","0","0","0","0","0","0"
"Taxon148","0","0","0","0","0","142","0","0","0","0","0","0","0","0","0","0","0","0","0","0"
"Taxon2619","0","0","0","0","0","0","142","0","0","0","0","0","0","0","0","0","0","0","0","0"
"Taxon53","0","0","0","0","0","0","0","36","0","105","0","0","0","0","0","0","0","0","0","0"
"Taxon1828","0","0","74","17","0","0","0","0","0","6","0","43","0","0","0","0","0","0","0","0"
"Taxon344","0","0","0","0","0","27","0","102","0","0","0","0","0","11","0","0","0","0","0","0"
"Taxon355","45","0","13","0","18","0","0","0","0","49","14","0","0","0","0","0","0","0","0","0"
"Taxon2148","0","32","59","0","45","0","0","0","0","0","3","0","0","0","0","0","0","0","0","0"
"Taxon112","40","35","0","35","28","0","0","0","0","0","0","0","0","0","0","0","0","0","0","0"
"Taxon940","0","0","0","0","0","0","60","0","0","0","0","0","0","0","3","15","60","0","0","0"
"Taxon194","0","0","0","0","0","0","0","138","0","0","0","0","0","0","0","0","0","0","0","0"
"Taxon563","0","0","0","0","0","0","0","138","0","0","0","0","0","0","0","0","0","0","0","0"
"Taxon1861","0","0","0","0","0","0","0","0","0","0","0","0","45","0","26","27","40","0","0","0"
"Taxon7749","36","20","34","7","12","0","0","0","0","0","0","28","0","0","0","0","0","0","0","0"
"Taxon1951","0","0","0","0","0","0","0","0","0","66","0","71","0","0","0","0","0","0","0","0"
"Taxon2357","0","0","0","0","0","0","0","0","0","0","0","0","28","35","30","24","20","0","0","0"
"Taxon498","0","0","0","0","0","0","0","0","0","0","0","0","14","24","53","18","28","0","0","0"
"Taxon1432","0","0","0","0","0","0","0","0","0","0","0","0","32","0","40","20","44","0","0","0"
"Taxon1272","20","52","0","0","0","0","0","9","52","0","0","0","0","0","0","0","0","0","0","0"
"Taxon1330","0","0","0","0","23","0","0","0","0","0","18","92","0","0","0","0","0","0","0","0"
"Taxon99","0","0","0","0","0","86","0","0","0","0","0","0","0","13","0","8","26","0","0","0"
"Taxon4695","0","0","0","0","0","0","0","0","0","0","0","0","31","13","46","28","14","0","0","0"
"Taxon19960","80","0","0","10","40","0","0","0","0","0","0","0","0","0","0","0","0","0","0","0"
"Taxon210","0","0","0","9","0","0","0","0","0","39","0","82","0","0","0","0","0","0","0","0"
"Taxon942","0","0","0","0","0","0","129","0","0","0","0","0","0","0","0","0","0","0","0","0"
"Taxon7681","0","0","0","0","0","0","127","0","0","0","0","0","0","0","0","0","0","0","0","0"
"Taxon993","0","0","0","0","0","0","0","0","0","0","0","0","28","18","40","17","23","0","0","0"
"Taxon9597","0","0","0","0","0","0","0","0","0","0","0","0","55","21","36","13","0","0","0","0"
"Taxon9891","0","0","79","0","0","0","0","0","0","0","0","45","0","0","0","0","0","0","0","0"
"Taxon3700","0","0","0","0","0","0","0","0","0","124","0","0","0","0","0","0","0","0","0","0"
"Taxon702","0","0","0","0","0","0","123","0","0","0","0","0","0","0","0","0","0","0","0","0"
"Taxon1206","0","0","0","0","0","0","0","0","0","0","0","0","29","23","13","37","21","0","0","0"
"Taxon2142","30","0","0","0","0","0","0","0","0","91","0","0","0","0","0","0","0","0","0","0"
"Taxon3836","0","0","0","0","0","87","0","0","0","0","0","0","4","11","0","0","19","0","0","0"
"Taxon1033","0","0","0","0","0","0","121","0","0","0","0","0","0","0","0","0","0","0","0","0"
"Taxon842","65","0","31","0","0","0","24","0","0","0","0","0","0","0","0","0","0","0","0","0"
"Taxon276","0","0","0","0","0","0","120","0","0","0","0","0","0","0","0","0","0","0","0","0"
"Taxon954","0","0","0","0","0","0","0","0","0","0","0","0","43","15","0","21","41","0","0","0"
"Taxon8","9","17","0","0","0","0","0","0","0","0","0","93","0","0","0","0","0","0","0","0"
"Taxon4649","0","0","0","0","0","8","0","0","0","0","0","0","29","22","20","13","27","0","0","0"
"Taxon709","0","0","0","0","0","0","91","27","0","0","0","0","0","0","0","0","0","0","0","0"
"Taxon17665","0","12","0","37","0","0","0","0","0","0","10","58","0","0","0","0","0","0","0","0"
"Taxon4720","0","0","0","0","8","0","0","0","34","51","0","23","0","0","0","0","0","0","0","0"
"Taxon3750","0","0","0","0","0","0","0","0","0","0","0","0","31","27","0","26","32","0","0","0"
"Taxon3925","0","0","0","0","0","0","0","0","0","0","0","0","36","20","16","19","22","0","0","0"
"Taxon7498","32","42","0","0","21","0","0","17","0","0","0","0","0","0","0","0","0","0","0","0"
"Taxon110","0","0","0","0","0","0","92","19","0","0","0","0","0","0","0","0","0","0","0","0"
"Taxon2293","0","0","0","0","0","0","0","0","0","111","0","0","0","0","0","0","0","0","0","0"
"Taxon1380","0","0","0","0","0","30","0","0","0","0","0","0","44","0","0","35","0","0","0","0"
"Taxon8498","0","0","0","0","0","0","83","0","0","0","0","0","8","0","0","0","16","0","0","0"
"Taxon1640","0","58","0","36","0","0","0","11","0","0","0","0","0","0","0","0","0","0","0","0"
"Taxon8151","0","0","0","0","0","0","0","0","0","0","0","0","0","26","35","42","0","0","0","0"
"Taxon537","0","0","0","0","0","29","0","0","52","0","21","0","0","0","0","0","0","0","0","0"
"Taxon444","0","0","0","0","0","0","101","0","0","0","0","0","0","0","0","0","0","0","0","0"
"Taxon2079","0","0","0","0","0","0","0","0","0","75","26","0","0","0","0","0","0","0","0","0"
"Taxon3153","44","32","0","0","0","0","0","0","0","0","23","0","0","0","0","0","0","0","0","0"
"Taxon14604","0","13","38","0","26","0","0","22","0","0","0","0","0","0","0","0","0","0","0","0"
"Taxon517","0","0","0","0","0","0","99","0","0","0","0","0","0","0","0","0","0","0","0","0"
"Taxon18499","0","0","0","0","0","0","0","0","0","0","0","0","26","24","15","0","34","0","0","0"
"Taxon4645","0","0","0","0","0","37","0","0","0","0","0","0","0","0","25","36","0","0","0","0"
"Taxon2592","0","0","0","0","0","0","98","0","0","0","0","0","0","0","0","0","0","0","0","0"
"Taxon618","0","0","0","0","0","0","84","0","0","0","0","0","0","0","0","12","0","0","0","0"
"Taxon15149","0","0","0","0","0","0","0","0","0","0","0","0","0","45","0","51","0","0","0","0"
"Taxon414","0","0","0","0","0","95","0","0","0","0","0","0","0","0","0","0","0","0","0","0"
"Taxon652","0","0","0","0","0","0","94","0","0","0","0","0","0","0","0","0","0","0","0","0"
"Taxon4507","0","0","0","0","0","0","91","0","0","0","0","0","0","0","0","0","0","0","0","0"
"Taxon463","0","54","0","0","0","0","0","36","0","0","0","0","0","0","0","0","0","0","0","0"
"Taxon178","0","46","0","44","0","0","0","0","0","0","0","0","0","0","0","0","0","0","0","0"
"Taxon303","0","0","0","0","0","0","90","0","0","0","0","0","0","0","0","0","0","0","0","0"
"Taxon1167","14","0","25","0","11","0","0","0","0","0","0","39","0","0","0","0","0","0","0","0"
"Taxon1426","0","0","0","0","0","0","0","0","0","70","19","0","0","0","0","0","0","0","0","0"
"Taxon3919","18","0","0","0","13","0","0","0","0","40","0","17","0","0","0","0","0","0","0","0"
"Taxon2770","0","0","0","0","0","0","88","0","0","0","0","0","0","0","0","0","0","0","0","0"
"Taxon6851","0","0","0","0","0","0","88","0","0","0","0","0","0","0","0","0","0","0","0","0"
"Taxon808","0","0","0","0","0","0","87","0","0","0","0","0","0","0","0","0","0","0","0","0"
"Taxon473","39","0","47","0","0","0","0","0","0","0","0","0","0","0","0","0","0","0","0","0"
"Taxon1261","0","38","0","0","11","0","0","0","29","0","0","6","0","0","0","0","0","0","0","0"
"Taxon96","0","0","0","0","0","0","0","0","49","0","0","35","0","0","0","0","0","0","0","0"
"Taxon12948","0","0","0","0","0","0","82","0","0","0","0","0","0","0","0","0","0","0","0","0"
"Taxon11298","0","29","11","0","0","0","0","8","0","33","0","0","0","0","0","0","0","0","0","0"
"Taxon6047","0","0","0","0","0","0","81","0","0","0","0","0","0","0","0","0","0","0","0","0"
"Taxon9167","0","0","0","0","0","0","0","0","0","0","0","0","19","22","22","17","0","0","0","0"
"Taxon372","39","0","26","0","0","0","0","0","14","0","0","0","0","0","0","0","0","0","0","0"
"Taxon1395","15","12","0","0","9","0","0","0","34","0","9","0","0","0","0","0","0","0","0","0"
"Taxon1837","0","2","0","0","0","0","0","0","26","0","4","47","0","0","0","0","0","0","0","0"
"Taxon3056","0","0","0","0","43","0","0","0","0","36","0","0","0","0","0","0","0","0","0","0"
"Taxon1031","0","0","0","0","0","0","79","0","0","0","0","0","0","0","0","0","0","0","0","0"
"Taxon1095","0","0","0","0","0","0","0","78","0","0","0","0","0","0","0","0","0","0","0","0"
"Taxon3222","0","0","0","0","0","0","0","0","0","78","0","0","0","0","0","0","0","0","0","0"
"Taxon3120","0","0","0","0","0","0","77","0","0","0","0","0","0","0","0","0","0","0","0","0"
"Taxon1127","0","0","0","0","0","0","0","0","0","0","0","0","0","0","0","25","52","0","0","0"
"Taxon11763","28","0","0","12","36","0","0","0","0","0","0","0","0","0","0","0","0","0","0","0"
"Taxon179","0","0","0","0","0","30","0","0","0","0","0","0","10","4","5","26","0","0","0","0"
"Taxon14962","0","0","0","0","0","0","0","0","53","0","22","0","0","0","0","0","0","0","0","0"
"Taxon8616","0","40","0","0","34","0","0","0","0","0","0","0","0","0","0","0","0","0","0","0"
"Taxon1559","0","0","0","0","0","0","0","73","0","0","0","0","0","0","0","0","0","0","0","0"
"Taxon1748","0","0","0","7","0","0","0","0","0","63","0","0","0","0","0","0","0","0","0","0"
"Taxon1186","69","0","0","0","0","0","0","0","0","0","0","0","0","0","0","0","0","0","0","0"
"Taxon376","0","0","0","0","0","0","69","0","0","0","0","0","0","0","0","0","0","0","0","0"
"Taxon1666","0","0","0","0","0","0","0","0","0","0","0","0","21","18","12","18","0","0","0","0"
"Taxon2432","0","0","0","0","0","0","68","0","0","0","0","0","0","0","0","0","0","0","0","0"
"Taxon149","0","0","0","0","0","67","0","0","0","0","0","0","0","0","0","0","0","0","0","0"
"Taxon247","0","0","40","26","0","0","0","0","0","0","0","0","0","0","0","0","0","0","0","0"
"Taxon2848","0","0","0","0","0","0","0","0","0","0","0","66","0","0","0","0","0","0","0","0"
"Taxon2020","0","0","0","14","21","0","0","4","0","0","0","26","0","0","0","0","0","0","0","0"
"Taxon7840","0","0","0","0","0","0","65","0","0","0","0","0","0","0","0","0","0","0","0","0"
"Taxon5275","0","0","0","0","0","0","54","0","0","0","0","0","0","0","0","0","11","0","0","0"
"Taxon4854","0","0","0","0","0","0","61","0","0","0","0","0","0","3","0","0","0","0","0","0"
"Taxon4532","0","0","0","0","0","62","0","0","0","0","0","0","0","0","0","0","0","0","0","0"
"Taxon2925","0","0","0","0","0","0","0","0","0","0","0","0","24","0","0","27","10","0","0","0"
"Taxon12268","0","13","8","14","0","0","0","6","0","19","0","0","0","0","0","0","0","0","0","0"
"Taxon5205","0","0","0","0","0","0","60","0","0","0","0","0","0","0","0","0","0","0","0","0"
"Taxon2838","0","0","0","0","0","0","28","0","0","0","0","0","0","0","0","0","31","0","0","0"
"Taxon3832","0","0","0","0","0","0","0","0","58","0","0","0","0","0","0","0","0","0","0","0"
"Taxon2211","32","0","25","0","0","0","0","0","0","0","0","0","0","0","0","0","0","0","0","0"
"Taxon166","0","57","0","0","0","0","0","0","0","0","0","0","0","0","0","0","0","0","0","0"
"Taxon413","0","0","0","0","0","0","57","0","0","0","0","0","0","0","0","0","0","0","0","0"
"Taxon415","0","0","0","0","0","0","57","0","0","0","0","0","0","0","0","0","0","0","0","0"
"Taxon5444","12","0","0","44","0","0","0","0","0","0","0","0","0","0","0","0","0","0","0","0"
"Taxon1957","0","0","0","0","0","56","0","0","0","0","0","0","0","0","0","0","0","0","0","0"
"Taxon1006","0","0","0","0","0","0","0","0","0","0","0","0","0","0","26","30","0","0","0","0"
"Taxon13745","0","55","0","0","0","0","0","0","0","0","0","0","0","0","0","0","0","0","0","0"
"Taxon686","0","0","0","0","0","55","0","0","0","0","0","0","0","0","0","0","0","0","0","0"
"Taxon3867","0","0","0","0","0","55","0","0","0","0","0","0","0","0","0","0","0","0","0","0"
"Taxon603","0","0","0","0","0","0","55","0","0","0","0","0","0","0","0","0","0","0","0","0"
"Taxon11764","0","0","0","54","0","0","0","0","0","0","0","0","0","0","0","0","0","0","0","0"
"Taxon6828","0","0","0","0","0","54","0","0","0","0","0","0","0","0","0","0","0","0","0","0"
"Taxon4800","0","0","0","0","0","0","54","0","0","0","0","0","0","0","0","0","0","0","0","0"
"Taxon12953","0","0","0","0","0","0","0","0","0","0","0","0","23","16","6","9","0","0","0","0"
"Taxon967","0","0","0","0","0","0","0","53","0","0","0","0","0","0","0","0","0","0","0","0"
"Taxon1030","0","0","0","0","0","0","0","0","0","0","0","53","0","0","0","0","0","0","0","0"
"Taxon1457","0","0","0","0","0","0","0","0","0","0","0","0","53","0","0","0","0","0","0","0"
"Taxon3213","0","0","0","0","0","0","0","52","0","0","0","0","0","0","0","0","0","0","0","0"
"Taxon456","0","0","0","0","0","0","0","52","0","0","0","0","0","0","0","0","0","0","0","0"
"Taxon545","0","0","0","0","0","0","0","0","0","0","0","0","0","0","28","0","24","0","0","0"
"Taxon132","51","0","0","0","0","0","0","0","0","0","0","0","0","0","0","0","0","0","0","0"
"Taxon7500","0","22","0","0","22","0","0","7","0","0","0","0","0","0","0","0","0","0","0","0"
"Taxon364","0","0","0","0","0","0","0","51","0","0","0","0","0","0","0","0","0","0","0","0"
"Taxon4955","0","50","0","0","0","0","0","0","0","0","0","0","0","0","0","0","0","0","0","0"
"Taxon430","0","0","0","10","0","0","0","40","0","0","0","0","0","0","0","0","0","0","0","0"
"Taxon3647","0","0","0","0","0","0","0","0","0","0","0","0","0","0","50","0","0","0","0","0"
"Taxon4958","0","0","0","0","0","0","0","0","0","0","0","0","0","0","0","15","35","0","0","0"
"Taxon2021","0","49","0","0","0","0","0","0","0","0","0","0","0","0","0","0","0","0","0","0"
"Taxon2042","0","0","0","0","0","0","0","0","0","0","0","0","6","0","15","0","28","0","0","0"
"Taxon2771","0","0","0","0","0","0","0","0","0","0","0","0","0","5","12","32","0","0","0","0"
"Taxon1329","0","48","0","0","0","0","0","0","0","0","0","0","0","0","0","0","0","0","0","0"
"Taxon1681","26","13","0","0","0","0","0","8","0","0","0","0","0","0","0","0","0","0","0","0"
"Taxon2054","0","0","0","0","0","47","0","0","0","0","0","0","0","0","0","0","0","0","0","0"
"Taxon16978","0","0","0","0","0","0","47","0","0","0","0","0","0","0","0","0","0","0","0","0"
"Taxon3551","0","0","0","0","0","0","45","0","0","0","0","0","0","0","0","0","2","0","0","0"
"Taxon949","0","0","0","0","0","0","0","47","0","0","0","0","0","0","0","0","0","0","0","0"
"Taxon408","0","0","0","0","0","0","0","0","0","0","0","47","0","0","0","0","0","0","0","0"
"Taxon2689","0","0","0","0","0","0","0","0","0","0","0","0","0","0","5","32","10","0","0","0"
"Taxon2145","0","0","40","0","0","0","0","6","0","0","0","0","0","0","0","0","0","0","0","0"
"Taxon371","0","0","0","0","0","31","15","0","0","0","0","0","0","0","0","0","0","0","0","0"
"Taxon5022","0","0","0","0","0","0","45","0","0","0","0","0","0","0","0","0","0","0","0","0"
"Taxon4104","0","0","0","0","0","0","44","0","0","0","0","0","0","0","0","0","0","0","0","0"
"Taxon1641","0","0","0","0","0","0","0","44","0","0","0","0","0","0","0","0","0","0","0","0"
"Taxon6266","0","0","0","0","0","0","0","0","0","0","0","0","19","0","0","25","0","0","0","0"
"Taxon440","0","0","0","7","0","0","36","0","0","0","0","0","0","0","0","0","0","0","0","0"
"Taxon491","0","0","0","0","43","0","0","0","0","0","0","0","0","0","0","0","0","0","0","0"
"Taxon7996","0","0","0","0","0","0","43","0","0","0","0","0","0","0","0","0","0","0","0","0"
"Taxon177","0","0","0","0","0","0","0","43","0","0","0","0","0","0","0","0","0","0","0","0"
"Taxon3005","0","0","0","0","0","0","0","0","0","0","0","0","9","0","6","0","28","0","0","0"
"Taxon4724","0","0","0","0","0","0","0","0","0","0","0","0","0","43","0","0","0","0","0","0"
"Taxon198","0","0","0","0","0","0","0","0","0","0","0","0","0","26","17","0","0","0","0","0"
"Taxon2587","0","0","0","0","0","42","0","0","0","0","0","0","0","0","0","0","0","0","0","0"
"Taxon52","0","0","0","0","0","8","34","0","0","0","0","0","0","0","0","0","0","0","0","0"
"Taxon8960","0","0","0","0","0","0","42","0","0","0","0","0","0","0","0","0","0","0","0","0"
"Taxon3028","0","0","0","0","41","0","0","0","0","0","0","0","0","0","0","0","0","0","0","0"
"Taxon643","0","0","0","0","0","0","0","0","0","41","0","0","0","0","0","0","0","0","0","0"
"Taxon799","0","0","0","0","0","0","0","0","0","0","0","0","0","0","41","0","0","0","0","0"
"Taxon17096","40","0","0","0","0","0","0","0","0","0","0","0","0","0","0","0","0","0","0","0"
"Taxon1599","14","0","3","14","0","0","0","9","0","0","0","0","0","0","0","0","0","0","0","0"
"Taxon13039","0","0","0","0","0","0","0","0","0","40","0","0","0","0","0","0","0","0","0","0"
"Taxon8800","0","0","0","0","0","0","0","0","0","40","0","0","0","0","0","0","0","0","0","0"
"Taxon7275","0","0","0","0","0","0","0","0","0","0","0","0","0","12","0","20","8","0","0","0"
"Taxon9683","0","0","0","0","0","0","39","0","0","0","0","0","0","0","0","0","0","0","0","0"
"Taxon15752","9","0","0","0","19","0","0","0","0","0","0","10","0","0","0","0","0","0","0","0"
"Taxon17532","0","0","0","0","0","38","0","0","0","0","0","0","0","0","0","0","0","0","0","0"
"Taxon1042","0","0","0","0","0","14","24","0","0","0","0","0","0","0","0","0","0","0","0","0"
"Taxon9962","0","0","0","0","0","0","0","0","0","0","0","38","0","0","0","0","0","0","0","0"
"Taxon13271","0","0","0","0","0","0","0","0","0","0","0","0","19","0","9","10","0","0","0","0"
"Taxon1694","0","37","0","0","0","0","0","0","0","0","0","0","0","0","0","0","0","0","0","0"
"Taxon1783","0","0","0","0","0","0","0","0","0","37","0","0","0","0","0","0","0","0","0","0"
"Taxon4289","0","0","0","0","0","0","20","0","0","0","0","0","0","0","0","5","11","0","0","0"
"Taxon1845","0","0","0","0","0","0","0","0","0","0","0","0","0","12","8","16","0","0","0","0"
"Taxon3404","7","0","0","0","0","0","28","0","0","0","0","0","0","0","0","0","0","0","0","0"
"Taxon17525","0","0","0","0","0","35","0","0","0","0","0","0","0","0","0","0","0","0","0","0"
"Taxon57","0","0","0","0","0","0","0","0","0","0","0","35","0","0","0","0","0","0","0","0"
"Taxon357","0","0","0","0","0","0","34","0","0","0","0","0","0","0","0","0","0","0","0","0"
"Taxon542","0","0","0","0","0","0","34","0","0","0","0","0","0","0","0","0","0","0","0","0"
"Taxon1423","0","0","0","0","0","0","0","0","12","0","0","22","0","0","0","0","0","0","0","0"
"Taxon559","0","0","0","0","0","0","0","0","0","0","34","0","0","0","0","0","0","0","0","0"
"Taxon685","0","0","0","0","0","33","0","0","0","0","0","0","0","0","0","0","0","0","0","0"
"Taxon1039","0","0","0","0","0","0","33","0","0","0","0","0","0","0","0","0","0","0","0","0"
"Taxon5771","0","0","0","0","0","0","33","0","0","0","0","0","0","0","0","0","0","0","0","0"
"Taxon1333","0","0","0","0","0","0","0","0","0","0","0","0","8","20","0","0","5","0","0","0"
"Taxon5550","8","10","0","14","0","0","0","0","0","0","0","0","0","0","0","0","0","0","0","0"
"Taxon5102","0","0","32","0","0","0","0","0","0","0","0","0","0","0","0","0","0","0","0","0"
"Taxon10627","0","0","0","0","0","0","32","0","0","0","0","0","0","0","0","0","0","0","0","0"
"Taxon2071","0","0","0","0","0","0","32","0","0","0","0","0","0","0","0","0","0","0","0","0"
"Taxon6504","0","0","0","0","0","0","30","0","0","0","0","0","0","0","0","2","0","0","0","0"
"Taxon2646","0","0","0","0","0","0","0","0","32","0","0","0","0","0","0","0","0","0","0","0"
"Taxon248","0","0","0","0","0","16","0","0","0","0","0","0","9","0","0","0","6","0","0","0"
"Taxon349","0","0","0","0","0","0","31","0","0","0","0","0","0","0","0","0","0","0","0","0"
"Taxon2772","0","0","0","0","0","0","31","0","0","0","0","0","0","0","0","0","0","0","0","0"
"Taxon7853","0","0","0","0","0","0","0","0","0","0","0","0","18","0","13","0","0","0","0","0"
"Taxon6863","0","0","0","0","0","0","0","0","0","0","0","0","0","0","19","12","0","0","0","0"
"Taxon12253","0","30","0","0","0","0","0","0","0","0","0","0","0","0","0","0","0","0","0","0"
"Taxon4973","0","0","0","0","0","0","30","0","0","0","0","0","0","0","0","0","0","0","0","0"
"Taxon13947","0","0","0","0","0","0","0","0","0","0","0","0","10","11","4","5","0","0","0","0"
"Taxon2429","0","0","25","0","0","0","0","4","0","0","0","0","0","0","0","0","0","0","0","0"
"Taxon8859","0","0","0","0","29","0","0","0","0","0","0","0","0","0","0","0","0","0","0","0"
"Taxon2330","0","0","0","0","0","0","29","0","0","0","0","0","0","0","0","0","0","0","0","0"
"Taxon2523","0","0","0","0","0","0","29","0","0","0","0","0","0","0","0","0","0","0","0","0"
"Taxon2345","0","0","0","0","0","0","29","0","0","0","0","0","0","0","0","0","0","0","0","0"
"Taxon4962","0","0","0","0","0","0","29","0","0","0","0","0","0","0","0","0","0","0","0","0"
"Taxon7795","0","0","0","0","0","0","0","0","0","0","0","0","0","29","0","0","0","0","0","0"
"Taxon3860","0","0","0","0","0","0","0","28","0","0","0","0","0","0","0","0","0","0","0","0"
"Taxon15145","0","0","0","0","0","0","0","0","0","0","0","0","11","0","0","17","0","0","0","0"
"Taxon6401","0","0","0","0","0","0","0","0","0","0","0","0","7","0","6","0","15","0","0","0"
"Taxon8172","0","0","12","0","15","0","0","0","0","0","0","0","0","0","0","0","0","0","0","0"
"Taxon4325","0","0","0","0","0","27","0","0","0","0","0","0","0","0","0","0","0","0","0","0"
"Taxon1170","0","0","0","0","0","27","0","0","0","0","0","0","0","0","0","0","0","0","0","0"
"Taxon1792","0","0","0","0","0","27","0","0","0","0","0","0","0","0","0","0","0","0","0","0"
"Taxon6736","0","0","0","0","0","0","0","0","27","0","0","0","0","0","0","0","0","0","0","0"
"Taxon14724","0","0","0","0","0","0","0","0","0","0","0","0","0","0","0","27","0","0","0","0"
"Taxon1538","20","6","0","0","0","0","0","0","0","0","0","0","0","0","0","0","0","0","0","0"
"Taxon11855","0","26","0","0","0","0","0","0","0","0","0","0","0","0","0","0","0","0","0","0"
"Taxon7926","0","0","26","0","0","0","0","0","0","0","0","0","0","0","0","0","0","0","0","0"
"Taxon1074","0","0","14","0","3","0","0","0","0","0","9","0","0","0","0","0","0","0","0","0"
"Taxon2423","0","0","0","0","26","0","0","0","0","0","0","0","0","0","0","0","0","0","0","0"
"Taxon7797","0","0","0","0","0","26","0","0","0","0","0","0","0","0","0","0","0","0","0","0"
"Taxon1295","0","0","0","0","0","0","0","0","26","0","0","0","0","0","0","0","0","0","0","0"
"Taxon883","0","0","0","25","0","0","0","0","0","0","0","0","0","0","0","0","0","0","0","0"
"Taxon2047","0","0","0","0","0","25","0","0","0","0","0","0","0","0","0","0","0","0","0","0"
"Taxon11566","0","0","0","0","0","0","25","0","0","0","0","0","0","0","0","0","0","0","0","0"
"Taxon219","0","0","0","0","0","0","0","25","0","0","0","0","0","0","0","0","0","0","0","0"
"Taxon5791","0","0","0","0","0","0","0","25","0","0","0","0","0","0","0","0","0","0","0","0"
"Taxon274","0","0","0","0","0","0","0","0","0","0","25","0","0","0","0","0","0","0","0","0"
"Taxon50","0","0","24","0","0","0","0","0","0","0","0","0","0","0","0","0","0","0","0","0"
"Taxon7127","0","0","0","24","0","0","0","0","0","0","0","0","0","0","0","0","0","0","0","0"
"Taxon1460","0","0","0","0","0","24","0","0","0","0","0","0","0","0","0","0","0","0","0","0"
"Taxon913","0","0","0","0","0","0","24","0","0","0","0","0","0","0","0","0","0","0","0","0"
"Taxon6200","0","0","0","23","0","0","0","0","0","0","0","0","0","0","0","0","0","0","0","0"
"Taxon3812","0","0","0","23","0","0","0","0","0","0","0","0","0","0","0","0","0","0","0","0"
"Taxon675","0","0","0","0","23","0","0","0","0","0","0","0","0","0","0","0","0","0","0","0"
"Taxon3145","0","0","0","0","0","23","0","0","0","0","0","0","0","0","0","0","0","0","0","0"
"Taxon511","0","0","0","0","0","0","0","23","0","0","0","0","0","0","0","0","0","0","0","0"
"Taxon2343","0","0","0","0","0","0","0","0","23","0","0","0","0","0","0","0","0","0","0","0"
"Taxon17102","0","0","0","0","0","0","0","0","0","0","0","0","13","0","10","0","0","0","0","0"
"Taxon19354","22","0","0","0","0","0","0","0","0","0","0","0","0","0","0","0","0","0","0","0"
"Taxon8550","0","0","22","0","0","0","0","0","0","0","0","0","0","0","0","0","0","0","0","0"
"Taxon4039","0","0","0","0","0","22","0","0","0","0","0","0","0","0","0","0","0","0","0","0"
"Taxon13147","0","0","0","0","0","0","22","0","0","0","0","0","0","0","0","0","0","0","0","0"
"Taxon188","0","0","0","0","0","0","0","0","0","22","0","0","0","0","0","0","0","0","0","0"
"Taxon1210","0","0","0","0","0","0","0","0","0","0","0","22","0","0","0","0","0","0","0","0"
"Taxon13772","0","0","0","0","0","0","0","0","0","0","0","0","4","0","18","0","0","0","0","0"
"Taxon1531","0","0","0","21","0","0","0","0","0","0","0","0","0","0","0","0","0","0","0","0"
"Taxon8156","0","0","0","0","0","0","21","0","0","0","0","0","0","0","0","0","0","0","0","0"
"Taxon581","0","0","0","0","0","0","21","0","0","0","0","0","0","0","0","0","0","0","0","0"
"Taxon2544","0","0","0","0","0","0","0","0","21","0","0","0","0","0","0","0","0","0","0","0"
"Taxon19011","0","0","0","0","0","0","0","0","0","21","0","0","0","0","0","0","0","0","0","0"
"Taxon571","0","0","0","0","0","0","0","0","0","0","0","21","0","0","0","0","0","0","0","0"
"Taxon9011","0","0","0","0","0","0","0","0","0","0","0","0","10","0","11","0","0","0","0","0"
"Taxon1527","0","0","0","0","0","0","0","0","0","0","0","0","9","0","0","12","0","0","0","0"
"Taxon1732","0","0","0","0","0","0","0","0","0","0","0","0","0","0","6","15","0","0","0","0"
"Taxon6846","0","0","0","0","0","0","0","0","0","0","0","0","0","0","0","21","0","0","0","0"
"Taxon6002","0","0","0","0","0","0","0","0","0","0","0","0","0","0","0","17","4","0","0","0"
"Taxon11294","0","5","0","0","15","0","0","0","0","0","0","0","0","0","0","0","0","0","0","0"
"Taxon6293","0","0","0","0","0","0","0","20","0","0","0","0","0","0","0","0","0","0","0","0"
"Taxon197","0","0","0","0","0","0","0","0","0","0","0","0","20","0","0","0","0","0","0","0"
"Taxon397","0","0","0","0","0","0","0","19","0","0","0","0","0","0","0","0","0","0","0","0"
"Taxon896","18","0","0","0","0","0","0","0","0","0","0","0","0","0","0","0","0","0","0","0"
"Taxon3995","18","0","0","0","0","0","0","0","0","0","0","0","0","0","0","0","0","0","0","0"
"Taxon17671","8","0","10","0","0","0","0","0","0","0","0","0","0","0","0","0","0","0","0","0"
"Taxon4086","0","0","0","0","0","18","0","0","0","0","0","0","0","0","0","0","0","0","0","0"
"Taxon7893","0","0","0","0","0","0","0","18","0","0","0","0","0","0","0","0","0","0","0","0"
"Taxon956","0","0","0","0","0","0","0","0","0","0","18","0","0","0","0","0","0","0","0","0"
"Taxon12416","0","0","0","0","0","0","0","0","0","0","0","0","0","5","0","0","13","0","0","0"
"Taxon16755","0","0","0","0","0","0","0","0","0","0","0","0","0","0","0","0","18","0","0","0"
"Taxon12439","0","0","0","0","0","0","0","0","0","0","0","0","0","0","0","0","18","0","0","0"
"Taxon3820","17","0","0","0","0","0","0","0","0","0","0","0","0","0","0","0","0","0","0","0"
"Taxon2396","0","0","0","0","0","17","0","0","0","0","0","0","0","0","0","0","0","0","0","0"
"Taxon11386","0","0","0","0","0","0","17","0","0","0","0","0","0","0","0","0","0","0","0","0"
"Taxon13575","0","0","0","0","0","0","0","0","0","0","0","0","0","0","0","0","17","0","0","0"
"Taxon321","0","0","16","0","0","0","0","0","0","0","0","0","0","0","0","0","0","0","0","0"
"Taxon2572","0","0","0","13","0","0","0","0","3","0","0","0","0","0","0","0","0","0","0","0"
"Taxon10483","0","0","0","0","0","16","0","0","0","0","0","0","0","0","0","0","0","0","0","0"
"Taxon2310","0","0","0","0","0","16","0","0","0","0","0","0","0","0","0","0","0","0","0","0"
"Taxon9229","0","0","0","0","0","0","16","0","0","0","0","0","0","0","0","0","0","0","0","0"
"Taxon1076","0","0","0","0","0","0","0","16","0","0","0","0","0","0","0","0","0","0","0","0"
"Taxon13052","0","0","0","0","0","0","0","0","16","0","0","0","0","0","0","0","0","0","0","0"
"Taxon910","0","0","0","0","0","0","0","0","0","16","0","0","0","0","0","0","0","0","0","0"
"Taxon4319","0","0","0","0","0","0","0","0","0","0","0","0","0","0","0","0","16","0","0","0"
"Taxon1987","0","0","0","0","0","15","0","0","0","0","0","0","0","0","0","0","0","0","0","0"
"Taxon566","0","0","0","0","0","0","15","0","0","0","0","0","0","0","0","0","0","0","0","0"
"Taxon1438","0","0","0","0","0","0","0","15","0","0","0","0","0","0","0","0","0","0","0","0"
"Taxon790","0","0","0","0","0","0","0","0","0","0","0","0","15","0","0","0","0","0","0","0"
"Taxon17726","0","0","0","0","0","0","0","0","0","0","0","0","9","0","6","0","0","0","0","0"
"Taxon6036","0","0","0","0","0","0","0","0","0","0","0","0","7","0","0","0","8","0","0","0"
"Taxon8005","0","0","0","0","0","0","14","0","0","0","0","0","0","0","0","0","0","0","0","0"
"Taxon10050","0","0","0","0","0","0","0","0","0","0","0","0","0","0","0","14","0","0","0","0"
"Taxon238","0","0","0","0","0","0","0","0","0","0","0","0","0","0","0","0","14","0","0","0"
"Taxon2516","0","0","0","0","0","13","0","0","0","0","0","0","0","0","0","0","0","0","0","0"
"Taxon10714","0","0","0","0","0","0","0","0","13","0","0","0","0","0","0","0","0","0","0","0"
"Taxon49","0","0","0","0","0","0","0","0","0","0","13","0","0","0","0","0","0","0","0","0"
"Taxon13036","0","0","0","0","0","0","0","0","0","0","0","0","13","0","0","0","0","0","0","0"
"Taxon3846","0","0","0","0","0","0","0","0","0","0","0","0","0","0","8","0","5","0","0","0"
"Taxon1665","0","0","0","0","0","0","0","0","0","0","0","0","0","0","0","13","0","0","0","0"
"Taxon504","0","0","0","0","0","0","0","0","0","0","0","0","0","0","0","0","13","0","0","0"
"Taxon4151","0","0","0","0","0","12","0","0","0","0","0","0","0","0","0","0","0","0","0","0"
"Taxon5777","0","0","0","0","0","12","0","0","0","0","0","0","0","0","0","0","0","0","0","0"
"Taxon8050","0","0","0","0","0","0","12","0","0","0","0","0","0","0","0","0","0","0","0","0"
"Taxon1172","0","0","0","0","0","0","0","0","0","0","0","0","12","0","0","0","0","0","0","0"
"Taxon2826","0","0","0","0","0","0","0","0","0","0","0","0","12","0","0","0","0","0","0","0"
"Taxon2679","0","0","0","0","0","0","0","0","0","0","0","0","0","0","12","0","0","0","0","0"
"Taxon856","0","0","0","0","0","0","0","0","0","0","0","0","0","0","0","12","0","0","0","0"
"Taxon6006","0","0","0","0","0","0","0","0","0","0","0","0","0","0","0","12","0","0","0","0"
"Taxon4517","0","0","0","0","0","0","0","0","0","0","0","0","0","0","0","0","12","0","0","0"
"Taxon1287","0","0","0","0","0","11","0","0","0","0","0","0","0","0","0","0","0","0","0","0"
"Taxon460","0","0","0","0","0","0","11","0","0","0","0","0","0","0","0","0","0","0","0","0"
"Taxon2917","0","0","0","0","0","0","0","11","0","0","0","0","0","0","0","0","0","0","0","0"
"Taxon121","0","0","0","0","0","0","0","11","0","0","0","0","0","0","0","0","0","0","0","0"
"Taxon157","0","0","0","0","0","0","0","0","11","0","0","0","0","0","0","0","0","0","0","0"
"Taxon4279","0","0","0","0","0","0","0","0","0","0","0","0","11","0","0","0","0","0","0","0"
"Taxon5267","0","0","10","0","0","0","0","0","0","0","0","0","0","0","0","0","0","0","0","0"
"Taxon527","0","0","10","0","0","0","0","0","0","0","0","0","0","0","0","0","0","0","0","0"
"Taxon1723","0","0","0","0","0","10","0","0","0","0","0","0","0","0","0","0","0","0","0","0"
"Taxon1142","0","0","0","0","0","10","0","0","0","0","0","0","0","0","0","0","0","0","0","0"
"Taxon963","0","0","0","0","0","0","0","10","0","0","0","0","0","0","0","0","0","0","0","0"
"Taxon10250","0","0","0","0","0","0","0","0","0","10","0","0","0","0","0","0","0","0","0","0"
"Taxon2817","0","0","0","0","0","0","0","0","0","0","0","0","10","0","0","0","0","0","0","0"
"Taxon11651","0","0","0","0","0","0","0","0","0","0","0","0","6","0","0","0","4","0","0","0"
"Taxon12012","0","0","0","0","0","0","0","0","0","0","0","0","5","0","0","5","0","0","0","0"
"Taxon20000","0","0","0","0","0","0","0","0","0","0","0","0","0","0","10","0","0","0","0","0"
"Taxon1854","0","0","0","0","0","0","0","0","0","0","0","0","0","0","0","10","0","0","0","0"
"Taxon16822","0","0","0","0","0","0","0","0","0","0","0","0","0","0","0","10","0","0","0","0"
"Taxon18852","0","0","0","0","0","0","0","0","0","0","0","0","0","0","0","0","10","0","0","0"
"Taxon5842","9","0","0","0","0","0","0","0","0","0","0","0","0","0","0","0","0","0","0","0"
"Taxon13712","0","0","0","0","9","0","0","0","0","0","0","0","0","0","0","0","0","0","0","0"
"Taxon281","0","0","0","0","0","9","0","0","0","0","0","0","0","0","0","0","0","0","0","0"
"Taxon6901","0","0","0","0","0","9","0","0","0","0","0","0","0","0","0","0","0","0","0","0"
"Taxon4038","0","0","0","0","0","9","0","0","0","0","0","0","0","0","0","0","0","0","0","0"
"Taxon2616","0","0","0","0","0","9","0","0","0","0","0","0","0","0","0","0","0","0","0","0"
"Taxon950","0","0","0","0","0","9","0","0","0","0","0","0","0","0","0","0","0","0","0","0"
"Taxon2238","0","0","0","0","0","0","9","0","0","0","0","0","0","0","0","0","0","0","0","0"
"Taxon5668","0","0","0","0","0","0","0","0","0","0","0","0","0","0","9","0","0","0","0","0"
"Taxon308","0","0","0","0","0","0","0","0","0","0","0","0","0","0","0","0","9","0","0","0"
"Taxon4348","0","8","0","0","0","0","0","0","0","0","0","0","0","0","0","0","0","0","0","0"
"Taxon2155","0","0","0","0","0","8","0","0","0","0","0","0","0","0","0","0","0","0","0","0"
"Taxon4125","0","0","0","0","0","8","0","0","0","0","0","0","0","0","0","0","0","0","0","0"
"Taxon10272","0","0","0","0","0","0","8","0","0","0","0","0","0","0","0","0","0","0","0","0"
"Taxon20372","0","0","0","0","0","0","0","0","0","0","0","0","8","0","0","0","0","0","0","0"
"Taxon7006","0","0","0","0","0","0","0","0","0","0","0","0","5","3","0","0","0","0","0","0"
"Taxon10296","0","0","0","0","0","0","0","0","0","0","0","0","0","8","0","0","0","0","0","0"
"Taxon16586","0","0","0","0","0","0","0","0","0","0","0","0","0","6","0","0","2","0","0","0"
"Taxon7644","0","0","0","0","0","0","0","0","0","0","0","0","0","3","5","0","0","0","0","0"
"Taxon6316","0","0","0","0","0","0","0","0","0","0","0","0","0","0","8","0","0","0","0","0"
"Taxon15310","0","0","0","0","0","0","0","0","0","0","0","0","0","0","0","0","8","0","0","0"
"Taxon3520","0","0","0","0","0","7","0","0","0","0","0","0","0","0","0","0","0","0","0","0"
"Taxon13178","0","0","0","0","0","7","0","0","0","0","0","0","0","0","0","0","0","0","0","0"
"Taxon11947","0","0","0","0","0","0","7","0","0","0","0","0","0","0","0","0","0","0","0","0"
"Taxon886","0","0","0","0","0","0","0","0","7","0","0","0","0","0","0","0","0","0","0","0"
"Taxon9422","0","0","0","0","0","0","0","0","0","0","0","0","7","0","0","0","0","0","0","0"
"Taxon3210","0","0","0","0","0","0","0","0","0","0","0","0","0","7","0","0","0","0","0","0"
"Taxon10929","0","0","0","0","0","0","0","0","0","0","0","0","0","0","0","0","7","0","0","0"
"Taxon909","0","0","0","0","0","0","0","0","0","0","0","0","0","0","0","0","7","0","0","0"
"Taxon4326","0","0","0","0","0","6","0","0","0","0","0","0","0","0","0","0","0","0","0","0"
"Taxon2418","0","0","0","0","0","6","0","0","0","0","0","0","0","0","0","0","0","0","0","0"
"Taxon3118","0","0","0","0","0","0","0","0","0","6","0","0","0","0","0","0","0","0","0","0"
"Taxon9257","0","0","0","0","0","0","0","0","0","0","6","0","0","0","0","0","0","0","0","0"
"Taxon16579","0","0","0","0","0","0","0","0","0","0","0","0","6","0","0","0","0","0","0","0"
"Taxon14169","0","0","0","0","0","0","0","0","0","0","0","0","0","0","6","0","0","0","0","0"
"Taxon10267","0","0","0","0","0","5","0","0","0","0","0","0","0","0","0","0","0","0","0","0"
"Taxon2069","0","0","0","0","0","5","0","0","0","0","0","0","0","0","0","0","0","0","0","0"
"Taxon9822","0","0","0","0","0","5","0","0","0","0","0","0","0","0","0","0","0","0","0","0"
"Taxon16228","0","0","0","0","0","5","0","0","0","0","0","0","0","0","0","0","0","0","0","0"
"Taxon187","0","0","0","0","0","5","0","0","0","0","0","0","0","0","0","0","0","0","0","0"
"Taxon15278","0","0","0","0","0","0","0","5","0","0","0","0","0","0","0","0","0","0","0","0"
"Taxon2093","0","0","0","0","0","0","0","5","0","0","0","0","0","0","0","0","0","0","0","0"
"Taxon6076","0","0","0","0","0","0","0","0","0","0","0","0","0","5","0","0","0","0","0","0"
"Taxon5153","0","0","0","0","0","0","0","0","0","0","0","0","0","5","0","0","0","0","0","0"
"Taxon680","0","0","0","0","0","0","0","0","0","0","0","0","0","5","0","0","0","0","0","0"
"Taxon2604","0","0","0","0","0","0","0","0","0","0","0","0","0","0","5","0","0","0","0","0"
"Taxon7252","0","0","0","0","0","0","0","0","0","0","0","0","0","0","5","0","0","0","0","0"
"Taxon10998","0","0","0","0","0","0","0","0","0","0","0","0","0","0","5","0","0","0","0","0"
"Taxon6162","0","0","0","0","0","0","0","0","0","0","0","0","0","0","0","0","5","0","0","0"
"Taxon1009","0","0","0","0","4","0","0","0","0","0","0","0","0","0","0","0","0","0","0","0"
"Taxon2694","0","0","0","0","0","4","0","0","0","0","0","0","0","0","0","0","0","0","0","0"
"Taxon15912","0","0","0","0","0","0","0","4","0","0","0","0","0","0","0","0","0","0","0","0"
"Taxon10108","0","0","0","0","0","0","0","0","0","0","0","0","4","0","0","0","0","0","0","0"
"Taxon12366","0","0","0","0","0","0","0","0","0","0","0","0","0","0","0","0","4","0","0","0"
"Taxon4894","0","0","0","0","0","3","0","0","0","0","0","0","0","0","0","0","0","0","0","0"
"Taxon10589","0","0","0","0","0","0","0","3","0","0","0","0","0","0","0","0","0","0","0","0"
"Taxon17030","0","0","0","0","0","0","0","0","0","0","0","0","0","3","0","0","0","0","0","0"
"Taxon651","0","0","0","0","0","0","0","0","0","0","0","0","0","0","0","0","3","0","0","0"
"Taxon3460","0","0","0","0","0","2","0","0","0","0","0","0","0","0","0","0","0","0","0","0"
"Taxon1193","0","0","0","0","0","0","0","0","0","0","0","0","0","0","0","2","0","0","0","0"
